Index,Time,Height
4325,0.0010726,0.00813174321665
12139,0.003010472,0.00757545107626
19367,0.004803016,0.00759031347116
