Index,Time,Height
4285,0.0010626799999999,0.00762905420852
12108,0.003002784,0.00757060303004
19344,0.004797312,0.00767785013304
