Index,Time,Height
4186,0.001038128,0.0080403746746
12002,0.002976496,0.00718895780738
19241,0.004771768,0.00721677241963
