Index,Time,Height
3636,0.000901728,0.00742798444699
11464,0.002843072,0.00733253544313
18788,0.004659424,0.00731241455651
