Index,Time,Height
3542,0.0008784159999999,0.00782786413911
11375,0.002821,0.00705736165983
18707,0.004639336,0.00708297173842
