Index,Time,Height
3230,0.00080104,0.00783335470478
11073,0.002746104,0.00779560153023
18435,0.00457188,0.00691530978656
