Index,Time,Height
3079,0.000763592,0.00778648903943
10928,0.002710144,0.00767459791969
18320,0.00454336,0.00721171298646
