Index,Time,Height
2614,0.000648272,0.008189225971
10473,0.002597304,0.00775259108632
17921,0.004444408,0.00722695739823
