Index,Time,Height
2352,0.000583296,0.00710122737219
10208,0.002531584,0.00644018849707
17707,0.004391336,0.00646390719921
