Index,Time,Height
2015,0.00049972,0.00506118111662
9862,0.002445776,0.00514774683979
17419,0.004319912,0.004684849357
