Index,Time,Height
1973,0.000489304,0.00483555297251
9854,0.002443792,0.00395338232047
17400,0.0043152,0.00435716509237
