Index,Time,Height
1883,0.000466984,0.00364593868726
9768,0.002422464,0.00400096664089
17308,0.004292384,0.00355171497795
