Index,Time,Height
1862,0.000461776,0.00289951322484
9730,0.00241304,0.00283277796698
17332,0.004298336,0.00287727532559
