Index,Time,Height
1535,0.00038068,0.00291077455622
9402,0.002331696,0.00293693434796
17050,0.0042284,0.00255568490247
