Index,Time,Height
1467,0.000363816,0.00235186857753
9367,0.002323016,0.0023278484412
16998,0.004215504,0.00213007847196
