Index,Time,Height
1636,0.000405728,0.00195921068662
9531,0.002363688,0.00200449455879
17152,0.004253696,0.00158400462824
