Index,Time,Height
1690,0.00041912,0.00193721802789
9547,0.002367656,0.00165079021244
17180,0.00426064,0.00176645930042
