Index,Time,Height
1638,0.000406224,0.00150262866518
9484,0.002352032,0.00160319586867
17141,0.004250968,0.00101519394084
