Index,Time,Height
1541,0.000382168,0.000679297704482
9358,0.002320784,0.00108513906016
17015,0.00421972,0.00127123741549
