Index,Time,Height
1459,0.000361832,0.0010006504308
9244,0.002292512,0.000701399956597
16956,0.004205088,0.0010482926562
