Index,Time,Height
6036,0.001496928,0.00346358158276
13822,0.003427856,0.00340817234828
20810,0.00516088,0.00336135876714
