Index,Time,Height
5916,0.001467168,0.00743061368703
13700,0.0033976,0.007433401054
20683,0.005129384,0.00684874037397
