Index,Time,Height
5697,0.001412856,0.0069898102025
13531,0.003355688,0.00681036306196
20531,0.005091688,0.00664545202744
