Index,Time,Height
5503,0.001364744,0.00779193799826
13285,0.00329468,0.00763162901276
20333,0.005042584,0.00747409243486
