Index,Time,Height
5240,0.00129952,0.0078679648519
13060,0.00323888,0.00750226326636
20134,0.004993232,0.00740834629978
