Index,Time,Height
4931,0.001222888,0.0080151545757
12742,0.003160016,0.00776408842648
19863,0.004926024,0.00757535977173
