Index,Time,Height
4803,0.001191144,0.00779266562895
12600,0.0031248,0.00733119577053
19764,0.004901472,0.00744165320066
