Index,Time,Height
4683,0.001161384,0.00778139460017
12512,0.003102976,0.0073264398321
19664,0.004876672,0.00686009779456
