Index,Time,Height
4586,0.001137328,0.00781407185714
12394,0.003073712,0.00801408197149
19566,0.004852368,0.00726818456897
