Index,Time,Height
4323,0.001072104,0.00793769816519
12138,0.003010224,0.00770794989658
19349,0.004798552,0.00725813318859
